Ticket ID,Issue Type,Status,Assigned To,Resolution Time (hours),Priority,Created Date
1001,Hardware,Resolved,A. Kim,2.5,High,2025-12-10
1002,M365,Resolved,J. Patel,1.2,Medium,2025-12-10
1003,Networking,Open,S. Liu,,High,2025-12-11
1004,Software,Resolved,R. Gomez,3.0,Low,2025-12-11
1005,M365,Resolved,A. Kim,0.8,Low,2025-12-11
1006,Hardware,Resolved,J. Patel,4.1,High,2025-12-12
1007,Networking,Resolved,S. Liu,2.0,Medium,2025-12-12
1008,Software,Resolved,R. Gomez,1.7,Low,2025-12-12
1009,M365,Open,A. Kim,,Medium,2025-12-13
1010,Hardware,Resolved,J. Patel,2.9,High,2025-12-13
 